{
  "name": "jquery.serialScroll",
  "version": "1.2.4",
  "description":  "Animated scrolling of series.",
  "homepage": "https://github.com/flesler/jquery.serialScroll",
  "main": [
    "./jquery.serialScroll.js",
    "./jquery.serialScroll.min.js"
  ],
  "dependencies": {
    "jquery" : ">=1.8",
    "jquery.scrollTo" : ">=1.4.3"
  },
  "keywords": [ "slideshow", "sequence", "animated", "animation", "scrolling", "scroll", "prev", "next" ],
  "author": {
    "name": "Ariel Flesler",
    "web": "http://flesler.blogspot.com/"
  }
}