{
	"name": "serialScroll",
	"title": "Ariel Flesler's jQuery serialScroll",
	"description": "Animated scrolling of series.",
	"keywords": ["slideshow", "sequence", "animated", "animation", "scrolling", "scroll", "prev", "next"],
	"version": "1.2.4",
	"author": {
		"name": "Ariel Flesler",
		"email": "aflesler@gmail.com",
		"url": "http://flesler.blogspot.com"
	},
	"maintainers": [{
		"name": "Ariel Flesler",
		"email": "aflesler@gmail.com",
		"url": "http://flesler.blogspot.com"
	}],
	"licenses": [{
		"type": "MIT",
		"url": "https://github.com/flesler/jquery.serialScroll/blob/master/LICENSE"
	}],
	"homepage": "https://github.com/flesler/jquery.serialScroll",
	"docs": "http://flesler.blogspot.com/2008/02/jqueryserialscroll.html",
	"bugs": "https://github.com/flesler/jquery.serialScroll/issues",
	"download": "https://github.com/flesler/jquery.serialScroll/releases",
	"demo": "http://demos.flesler.com/jquery/serialScroll",
	"dependencies": {
		"jquery": ">=1.8",
		"scrollTo": ">=1.4.3"
	}
}